ddate,product,sells,price,temp,hol
1/1/2020,Rice,1746,3.34,33,0
1/1/2020,Tea,1562,3.03,34,0
1/1/2020,Suger,1119,3.47,29,0
1/1/2020,Oil,1325,2.28,14,1
1/1/2020,Flour,1736,3.52,44,0
1/8/2020,Rice,1813,1.3,43,0
1/8/2020,Tea,1507,3.45,25,0
1/8/2020,Suger,1113,3.85,42,0
1/8/2020,Oil,893,1.93,35,0
1/8/2020,Flour,1588,3.68,15,0
1/15/2020,Rice,2034,2.95,40,0
1/15/2020,Tea,1336,3.76,43,0
1/15/2020,Suger,1124,1.49,19,0
1/15/2020,Oil,1197,3.94,10,0
1/15/2020,Flour,1767,3.17,37,0
1/22/2020,Rice,2111,3.82,6,0
1/22/2020,Tea,1690,3.94,17,0
1/22/2020,Suger,1111,1.14,9,0
1/22/2020,Oil,1038,2.99,30,0
1/22/2020,Flour,1852,1.18,18,0
1/29/2020,Rice,1978,2.83,25,0
1/29/2020,Tea,1488,1.54,44,0
1/29/2020,Suger,974,3.79,27,0
1/29/2020,Oil,931,1.38,30,0
1/29/2020,Flour,1882,3.06,21,0
2/5/2020,Rice,1895,2.84,29,0
2/5/2020,Tea,1736,1.81,26,0
2/5/2020,Suger,787,3.1,26,0
2/5/2020,Oil,967,2.79,20,1
2/5/2020,Flour,1753,3.07,13,1
2/12/2020,Rice,1900,1.7,32,0
2/12/2020,Tea,1601,1.32,33,0
2/12/2020,Suger,950,1.03,14,0
2/12/2020,Oil,963,1.23,20,0
2/12/2020,Flour,1836,2.54,9,0
2/19/2020,Rice,2054,3.04,7,0
2/19/2020,Tea,1619,3.9,19,1
2/19/2020,Suger,939,1.23,9,1
2/19/2020,Oil,1166,2.72,42,0
2/19/2020,Flour,1667,2.79,28,0
2/26/2020,Rice,2080,3.83,43,1
2/26/2020,Tea,1741,3.27,17,0
2/26/2020,Suger,987,1.2,42,0
2/26/2020,Oil,925,1.73,29,0
2/26/2020,Flour,1598,1.76,8,0
3/4/2020,Rice,2180,1.69,13,1
3/4/2020,Tea,1418,2.7,7,0
3/4/2020,Suger,777,1.1,6,0
3/4/2020,Oil,1179,1.31,11,0
3/4/2020,Flour,1644,2.63,23,0
3/11/2020,Rice,2085,1.78,39,0
3/11/2020,Tea,1560,3.63,43,0
3/11/2020,Suger,837,1.31,15,0
3/11/2020,Oil,866,1.15,25,0
3/11/2020,Flour,1785,1.59,36,0
3/18/2020,Rice,1831,2.56,8,0
3/18/2020,Tea,1391,3.23,20,0
3/18/2020,Suger,1128,1.89,17,0
3/18/2020,Oil,1073,2.58,35,0
3/18/2020,Flour,1837,2.41,32,0
3/25/2020,Rice,1943,3.91,8,0
3/25/2020,Tea,1708,1.58,5,0
3/25/2020,Suger,970,1.78,32,0
3/25/2020,Oil,888,3.26,19,0
3/25/2020,Flour,1752,1.93,19,0
4/1/2020,Rice,2076,3.78,38,0
4/1/2020,Tea,1677,2.67,38,0
4/1/2020,Suger,778,1.43,25,0
4/1/2020,Oil,1150,1.55,40,0
4/1/2020,Flour,1763,2.38,27,0
4/8/2020,Rice,2310,1.59,19,1
4/8/2020,Tea,1438,3.06,43,0
4/8/2020,Suger,787,2.37,29,0
4/8/2020,Oil,1144,3.52,11,0
4/8/2020,Flour,1644,3.53,35,0
4/15/2020,Rice,1778,1.81,25,0
4/15/2020,Tea,1478,1.02,13,0
4/15/2020,Suger,938,1.76,41,0
4/15/2020,Oil,1146,2.72,42,1
4/15/2020,Flour,1567,1.02,41,0
4/22/2020,Rice,2105,1.84,28,0
4/22/2020,Tea,1765,1.61,16,0
4/22/2020,Suger,846,1.23,25,0
4/22/2020,Oil,898,3.98,13,0
4/22/2020,Flour,1847,1.23,33,0
4/29/2020,Rice,2052,1.22,33,0
4/29/2020,Tea,1458,1.45,24,0
4/29/2020,Suger,764,3.42,20,0
4/29/2020,Oil,1028,2.88,33,0
4/29/2020,Flour,1918,3.32,31,0
5/6/2020,Rice,1788,1.6,13,0
5/6/2020,Tea,1769,2.1,23,0
5/6/2020,Suger,825,3.5,30,0
5/6/2020,Oil,943,3.03,12,0
5/6/2020,Flour,1800,3.5,27,0
5/13/2020,Rice,2014,3.13,15,0
5/13/2020,Tea,1615,3.66,8,0
5/13/2020,Suger,819,1.55,10,0
5/13/2020,Oil,1130,3.08,40,0
5/13/2020,Flour,1871,2.38,25,0
5/20/2020,Rice,1753,2.95,9,0
5/20/2020,Tea,1747,2.24,30,0
5/20/2020,Suger,988,2.15,19,0
5/20/2020,Oil,895,2.86,29,0
5/20/2020,Flour,1824,1.28,28,0
5/27/2020,Rice,1758,2.35,11,0
5/27/2020,Tea,1732,1.5,25,1
5/27/2020,Suger,753,3.8,35,0
5/27/2020,Oil,933,2.03,14,0
5/27/2020,Flour,1724,1.68,7,0
6/3/2020,Rice,1897,3,27,0
6/3/2020,Tea,1609,3.62,24,0
6/3/2020,Suger,964,3.05,9,0
6/3/2020,Oil,861,1.97,7,0
6/3/2020,Flour,1719,3.74,26,0
6/10/2020,Rice,1952,2.68,44,0
6/10/2020,Tea,1574,1.31,18,0
6/10/2020,Suger,1064,2.43,38,1
6/10/2020,Oil,1113,2.98,6,1
6/10/2020,Flour,1973,3.61,20,0
6/17/2020,Rice,1730,3.55,41,0
6/17/2020,Tea,1727,2.46,8,1
6/17/2020,Suger,760,3.78,22,0
6/17/2020,Oil,1176,3.55,26,0
6/17/2020,Flour,1783,1.87,42,0
6/24/2020,Rice,2008,1.77,30,0
6/24/2020,Tea,1693,3.48,23,0
6/24/2020,Suger,766,1.35,11,0
6/24/2020,Oil,1193,1.94,24,0
6/24/2020,Flour,1623,2.54,35,0
7/1/2020,Rice,2105,1.33,13,0
7/1/2020,Tea,1634,2,23,1
7/1/2020,Suger,1109,2.06,39,1
7/1/2020,Oil,1119,3.37,34,0
7/1/2020,Flour,1561,3,37,0
7/8/2020,Rice,1966,3.69,17,0
7/8/2020,Tea,1561,2.56,35,0
7/8/2020,Suger,1064,1.14,36,0
7/8/2020,Oil,1109,2.86,15,0
7/8/2020,Flour,1815,1.29,35,1
7/15/2020,Rice,1956,1.42,36,0
7/15/2020,Tea,1422,3.21,40,0
7/15/2020,Suger,1102,3.89,21,0
7/15/2020,Oil,843,1.04,30,0
7/15/2020,Flour,1707,3.63,36,0
7/22/2020,Rice,1885,1.69,19,0
7/22/2020,Tea,1506,4,32,0
7/22/2020,Suger,875,2.59,36,0
7/22/2020,Oil,824,3.74,28,0
7/22/2020,Flour,1768,3.8,7,0
7/29/2020,Rice,1791,1.48,11,0
7/29/2020,Tea,1532,2.91,37,0
7/29/2020,Suger,1071,1.65,18,0
7/29/2020,Oil,1079,3.69,21,0
7/29/2020,Flour,1673,1.51,26,0
8/5/2020,Rice,2065,1.66,10,0
8/5/2020,Tea,1512,3.97,31,0
8/5/2020,Suger,937,3.48,44,0
8/5/2020,Oil,923,3.26,38,0
8/5/2020,Flour,1702,3.6,11,0
8/12/2020,Rice,2073,1.97,34,0
8/12/2020,Tea,1713,3.85,15,0
8/12/2020,Suger,984,1.5,8,0
8/12/2020,Oil,1202,2.22,8,0
8/12/2020,Flour,1698,2.52,12,0
8/19/2020,Rice,2102,1.33,29,0
8/19/2020,Tea,1501,1.08,14,0
8/19/2020,Suger,1027,1.69,6,0
8/19/2020,Oil,986,1.88,15,0
8/19/2020,Flour,1962,1.68,9,0
8/26/2020,Rice,1958,3.45,31,0
8/26/2020,Tea,1725,1.82,34,0
8/26/2020,Suger,792,3.87,19,0
8/26/2020,Oil,1012,2.37,27,0
8/26/2020,Flour,1738,3.65,8,0
9/2/2020,Rice,2126,2.53,7,1
9/2/2020,Tea,1457,2.29,23,0
9/2/2020,Suger,1118,3.8,6,0
9/2/2020,Oil,984,1.59,11,0
9/2/2020,Flour,1611,1.67,37,0
9/9/2020,Rice,2040,2.01,37,0
9/9/2020,Tea,1462,2.44,33,0
9/9/2020,Suger,1033,2.89,43,0
9/9/2020,Oil,940,2.84,19,0
9/9/2020,Flour,1619,2.01,27,0
9/16/2020,Rice,1838,3.11,36,0
9/16/2020,Tea,1514,2.89,9,0
9/16/2020,Suger,1120,1.13,14,0
9/16/2020,Oil,836,3.84,24,0
9/16/2020,Flour,1692,3.35,16,0
9/23/2020,Rice,1838,2.49,16,0
9/23/2020,Tea,1562,3.73,43,0
9/23/2020,Suger,1129,2.33,33,0
9/23/2020,Oil,920,1.56,17,0
9/23/2020,Flour,1819,2.68,30,0
9/30/2020,Rice,1838,1.11,41,0
9/30/2020,Tea,1595,1.48,40,0
9/30/2020,Suger,869,2.62,27,0
9/30/2020,Oil,1204,1.43,34,1
9/30/2020,Flour,1819,3.17,18,0
10/7/2020,Rice,1949,1.15,6,0
10/7/2020,Tea,1601,2.42,35,0
10/7/2020,Suger,853,2.5,8,0
10/7/2020,Oil,830,1.42,23,0
10/7/2020,Flour,1689,2.28,28,0
10/14/2020,Rice,1778,3.04,37,0
10/14/2020,Tea,1730,1.13,34,0
10/14/2020,Suger,976,2.64,22,0
10/14/2020,Oil,989,1.59,28,0
10/14/2020,Flour,1780,1.67,25,0
10/21/2020,Rice,2049,1.73,30,0
10/21/2020,Tea,1658,1.83,32,0
10/21/2020,Suger,1126,1.98,14,0
10/21/2020,Oil,989,3.77,40,0
10/21/2020,Flour,1611,3.1,37,0
10/28/2020,Rice,2019,1.73,15,0
10/28/2020,Tea,1494,3.28,14,0
10/28/2020,Suger,843,3.14,7,0
10/28/2020,Oil,830,2.97,22,0
10/28/2020,Flour,1835,2.18,12,0
11/4/2020,Rice,2120,3.95,28,0
11/4/2020,Tea,1689,1.2,29,0
11/4/2020,Suger,1136,1.7,8,0
11/4/2020,Oil,911,3.05,6,0
11/4/2020,Flour,1798,3.97,23,0
11/11/2020,Rice,2051,1.96,20,0
11/11/2020,Tea,1641,1.19,40,1
11/11/2020,Suger,769,3.42,36,0
11/11/2020,Oil,1081,1.52,43,0
11/11/2020,Flour,1773,1.72,10,0
11/18/2020,Rice,2317,2.77,20,1
11/18/2020,Tea,1656,1.26,37,0
11/18/2020,Suger,1014,3.35,5,0
11/18/2020,Oil,857,1.42,20,0
11/18/2020,Flour,1915,1.32,34,0
11/25/2020,Rice,1853,1.52,24,0
11/25/2020,Tea,1434,3.89,36,0
11/25/2020,Suger,1063,1.08,17,0
11/25/2020,Oil,1206,1.02,41,0
11/25/2020,Flour,1800,3.57,30,0
12/2/2020,Rice,1876,1.41,43,0
12/2/2020,Tea,1764,3.48,11,0
12/2/2020,Suger,860,3.06,16,0
12/2/2020,Oil,810,3.06,37,0
12/2/2020,Flour,1697,1.57,41,0
12/9/2020,Rice,1977,1.77,35,0
12/9/2020,Tea,1470,3.94,18,0
12/9/2020,Suger,922,2.87,13,0
12/9/2020,Oil,1196,3.45,23,0
12/9/2020,Flour,1687,3.46,26,0
12/16/2020,Rice,1785,2.67,20,0
12/16/2020,Tea,1693,1.59,9,0
12/16/2020,Suger,777,2.64,9,0
12/16/2020,Oil,820,1.65,16,0
12/16/2020,Flour,1504,2.05,39,0
12/23/2020,Rice,1762,3.9,6,0
12/23/2020,Tea,1784,3.84,23,0
12/23/2020,Suger,1115,1.51,29,0
12/23/2020,Oil,840,1.3,39,0
12/23/2020,Flour,1634,3.5,16,0
12/30/2020,Rice,1824,2.02,36,0
12/30/2020,Tea,1580,1.68,37,0
12/30/2020,Suger,1061,3.17,29,0
12/30/2020,Oil,1170,3.86,14,0
12/30/2020,Flour,1560,1.28,42,0
1/6/2021,Rice,1877,3.69,23,0
1/6/2021,Tea,1665,1.34,37,0
1/6/2021,Suger,1081,1.05,34,0
1/6/2021,Oil,954,2.42,13,0
1/6/2021,Flour,1897,1.89,18,0
1/13/2021,Rice,1829,1.25,37,0
1/13/2021,Tea,1439,2.63,43,0
1/13/2021,Suger,846,1.49,39,0
1/13/2021,Oil,922,1.01,13,0
1/13/2021,Flour,1913,3.14,8,0
1/20/2021,Rice,1824,2.12,24,0
1/20/2021,Tea,1410,1.42,5,0
1/20/2021,Suger,1228,3.5,15,1
1/20/2021,Oil,978,1.95,18,0
1/20/2021,Flour,1784,2.18,37,0
1/27/2021,Rice,2356,1.48,29,1
1/27/2021,Tea,1779,3.59,6,1
1/27/2021,Suger,801,2.26,6,0
1/27/2021,Oil,1050,1.9,33,0
1/27/2021,Flour,1878,2.47,13,0
2/3/2021,Rice,1886,1.67,39,0
2/3/2021,Tea,1682,3.36,26,0
2/3/2021,Suger,934,1.03,15,0
2/3/2021,Oil,922,2.96,43,0
2/3/2021,Flour,1610,3.47,12,0
2/10/2021,Rice,2109,1.98,8,0
2/10/2021,Tea,1437,3.38,14,0
2/10/2021,Suger,986,3.34,30,0
2/10/2021,Oil,1182,3.73,42,1
2/10/2021,Flour,1582,3.83,5,0
2/17/2021,Rice,1758,2.97,12,0
2/17/2021,Tea,1654,1.49,36,0
2/17/2021,Suger,993,2.7,16,0
2/17/2021,Oil,1183,1.23,29,0
2/17/2021,Flour,1916,1.35,20,0
2/24/2021,Rice,1747,2.91,16,0
2/24/2021,Tea,1780,1.38,26,1
2/24/2021,Suger,997,2.61,6,1
2/24/2021,Oil,816,1.71,18,0
2/24/2021,Flour,2184,3.99,12,1
3/3/2021,Rice,1989,2.18,34,0
3/3/2021,Tea,1556,3.84,32,0
3/3/2021,Suger,810,2.54,11,0
3/3/2021,Oil,853,1.41,38,0
3/3/2021,Flour,1590,3.36,44,0
3/10/2021,Rice,1822,2.05,31,0
3/10/2021,Tea,1636,1.08,32,0
3/10/2021,Suger,906,2.23,44,1
3/10/2021,Oil,1004,3.2,13,1
3/10/2021,Flour,1913,3.54,22,0
3/17/2021,Rice,2042,3.59,32,0
3/17/2021,Tea,1615,2.62,7,0
3/17/2021,Suger,1072,3.45,21,0
3/17/2021,Oil,1061,1.61,16,0
3/17/2021,Flour,1758,2.81,42,0
3/24/2021,Rice,1742,3.31,23,0
3/24/2021,Tea,1767,2.36,10,0
3/24/2021,Suger,1370,2.35,30,1
3/24/2021,Oil,978,2.2,34,1
3/24/2021,Flour,1807,1.74,36,0
3/31/2021,Rice,1731,1.84,32,0
3/31/2021,Tea,1656,1.59,23,0
3/31/2021,Suger,1017,1.84,16,0
3/31/2021,Oil,971,3.72,29,0
3/31/2021,Flour,2292,3.78,20,1
4/7/2021,Rice,2074,3.86,39,0
4/7/2021,Tea,1948,2.07,14,1
4/7/2021,Suger,1128,3.61,14,0
4/7/2021,Oil,1105,1.21,27,0
4/7/2021,Flour,1836,1.28,12,0
4/14/2021,Rice,1916,3.56,35,0
4/14/2021,Tea,1371,3.39,41,0
4/14/2021,Suger,1022,2.45,41,0
4/14/2021,Oil,1141,3.79,35,0
4/14/2021,Flour,1839,3.04,39,0
4/21/2021,Rice,2048,1.81,25,0
4/21/2021,Tea,1605,2.34,44,0
4/21/2021,Suger,774,3.42,17,0
4/21/2021,Oil,1064,3.13,9,0
4/21/2021,Flour,1594,2.47,33,0
4/28/2021,Rice,1783,3.81,22,0
4/28/2021,Tea,1671,2.09,11,0
4/28/2021,Suger,911,1.8,33,0
4/28/2021,Oil,1063,2.5,29,0
4/28/2021,Flour,1828,3.51,38,0
5/5/2021,Rice,2013,1.29,7,0
5/5/2021,Tea,1315,2.79,44,0
5/5/2021,Suger,1103,3.04,6,0
5/5/2021,Oil,811,1.9,10,0
5/5/2021,Flour,1572,2.87,43,0
5/12/2021,Rice,2111,1.76,26,0
5/12/2021,Tea,1566,2.85,41,0
5/12/2021,Suger,888,3.09,34,0
5/12/2021,Oil,1006,3.58,30,0
5/12/2021,Flour,1760,1.14,29,0
5/19/2021,Rice,2024,3.09,30,0
5/19/2021,Tea,1698,3.22,36,0
5/19/2021,Suger,1114,2.01,33,0
5/19/2021,Oil,1167,2.81,16,0
5/19/2021,Flour,1643,3.07,41,0
5/26/2021,Rice,2080,3.43,43,0
5/26/2021,Tea,1409,3.95,5,0
5/26/2021,Suger,785,1.33,40,0
5/26/2021,Oil,912,1.43,38,0
5/26/2021,Flour,1755,3.34,13,0
6/2/2021,Rice,2116,1.24,29,0
6/2/2021,Tea,1490,1.5,34,0
6/2/2021,Suger,895,3.37,10,0
6/2/2021,Oil,1063,2.35,26,0
6/2/2021,Flour,1770,3.44,26,0
6/9/2021,Rice,2125,2.95,40,0
6/9/2021,Tea,1713,1.39,35,0
6/9/2021,Suger,752,1.32,13,0
6/9/2021,Oil,1137,1.49,34,0
6/9/2021,Flour,1672,1.33,21,0
6/16/2021,Rice,1817,2.01,18,0
6/16/2021,Tea,1774,1.09,29,1
6/16/2021,Suger,1025,2.61,24,0
6/16/2021,Oil,1139,2.99,24,0
6/16/2021,Flour,1646,3.53,11,0
6/23/2021,Rice,2217,2.73,38,1
6/23/2021,Tea,1661,3.57,39,0
6/23/2021,Suger,1045,1.24,8,0
6/23/2021,Oil,973,3.07,19,1
6/23/2021,Flour,1785,3.01,21,0
6/30/2021,Rice,1875,3.95,29,0
6/30/2021,Tea,1783,1.94,10,0
6/30/2021,Suger,894,3.97,13,0
6/30/2021,Oil,978,2.55,31,0
6/30/2021,Flour,1784,3.61,25,0
7/7/2021,Rice,1996,1.12,26,0
7/7/2021,Tea,1601,2.38,6,0
7/7/2021,Suger,1088,3.29,34,0
7/7/2021,Oil,1037,3.15,33,0
7/7/2021,Flour,1687,2.68,17,0
7/14/2021,Rice,1833,3.31,41,0
7/14/2021,Tea,1674,3.48,28,0
7/14/2021,Suger,1069,2.4,35,0
7/14/2021,Oil,943,3.95,23,0
7/14/2021,Flour,1731,2.55,12,0
7/21/2021,Rice,2097,3.53,9,0
7/21/2021,Tea,1606,1.34,30,0
7/21/2021,Suger,1020,1.99,14,0
7/21/2021,Oil,914,2.06,30,0
7/21/2021,Flour,1654,3.89,14,0
7/28/2021,Rice,2033,2.91,34,0
7/28/2021,Tea,1329,1.43,37,0
7/28/2021,Suger,992,1.6,36,0
7/28/2021,Oil,1062,2.73,32,1
7/28/2021,Flour,2067,3.81,5,1
8/4/2021,Rice,1883,2.55,20,0
8/4/2021,Tea,1564,2.95,22,0
8/4/2021,Suger,1122,3.47,35,0
8/4/2021,Oil,1087,3.01,19,0
8/4/2021,Flour,1936,1.28,19,0
8/11/2021,Rice,1817,1.81,23,0
8/11/2021,Tea,1738,3.42,26,0
8/11/2021,Suger,1053,1.05,25,0
8/11/2021,Oil,1094,1.61,37,0
8/11/2021,Flour,1873,1.94,22,0
8/18/2021,Rice,2230,3.89,30,1
8/18/2021,Tea,1769,1.09,19,0
8/18/2021,Suger,1241,3.67,16,1
8/18/2021,Oil,962,3.99,30,0
8/18/2021,Flour,1724,3.22,5,0
8/25/2021,Rice,1847,1.17,13,0
8/25/2021,Tea,1636,1.94,20,0
8/25/2021,Suger,853,3.37,32,0
8/25/2021,Oil,942,1.87,5,0
8/25/2021,Flour,1812,3.81,7,0
9/1/2021,Rice,1843,1.72,5,0
9/1/2021,Tea,1536,1.5,32,0
9/1/2021,Suger,1043,1.18,28,0
9/1/2021,Oil,1252,2.78,42,1
9/1/2021,Flour,1654,1.79,30,0
9/8/2021,Rice,1997,1.84,29,0
9/8/2021,Tea,1579,1.84,5,0
9/8/2021,Suger,1030,1.97,15,0
9/8/2021,Oil,1054,3.5,33,0
9/8/2021,Flour,1916,1.1,37,1
9/15/2021,Rice,2074,2.31,43,0
9/15/2021,Tea,1682,2.54,7,0
9/15/2021,Suger,929,1.02,6,0
9/15/2021,Oil,1206,3.8,10,0
9/15/2021,Flour,2131,2.66,43,1
9/22/2021,Rice,1811,2.07,7,0
9/22/2021,Tea,1505,1.1,19,0
9/22/2021,Suger,843,1.43,34,0
9/22/2021,Oil,912,2.37,26,0
9/22/2021,Flour,2104,1.98,35,1
9/29/2021,Rice,1819,1.14,33,0
9/29/2021,Tea,1781,1.7,18,0
9/29/2021,Suger,1080,1.7,14,0
9/29/2021,Oil,991,2.34,29,0
9/29/2021,Flour,1795,1.67,35,0
10/6/2021,Rice,2066,1.29,9,0
10/6/2021,Tea,1772,3.7,39,1
10/6/2021,Suger,932,1.64,41,0
10/6/2021,Oil,1077,2.22,13,0
10/6/2021,Flour,1883,3.96,6,0
10/13/2021,Rice,2082,2.39,43,0
10/13/2021,Tea,1764,1.33,31,0
10/13/2021,Suger,1083,1.34,24,0
10/13/2021,Oil,1038,2.26,38,0
10/13/2021,Flour,1945,1.33,23,0
10/20/2021,Rice,2214,3.85,27,1
10/20/2021,Tea,1494,2.14,42,0
10/20/2021,Suger,759,2.78,38,0
10/20/2021,Oil,1480,3.95,7,1
10/20/2021,Flour,1760,1.16,33,0
10/27/2021,Rice,2177,3.8,35,1
10/27/2021,Tea,1472,1.33,23,0
10/27/2021,Suger,757,1.08,44,0
10/27/2021,Oil,1180,3.9,23,0
10/27/2021,Flour,1765,2.39,15,0
11/3/2021,Rice,2061,2.85,9,0
11/3/2021,Tea,1490,1.08,29,0
11/3/2021,Suger,786,3.53,36,0
11/3/2021,Oil,902,1.74,16,0
11/3/2021,Flour,1714,3.88,12,0
11/10/2021,Rice,2316,2.76,6,1
11/10/2021,Tea,1498,3.12,27,0
11/10/2021,Suger,1133,2.64,6,0
11/10/2021,Oil,871,3.02,8,0
11/10/2021,Flour,1822,3.62,30,0
11/17/2021,Rice,1904,2.93,16,0
11/17/2021,Tea,1561,3.41,7,0
11/17/2021,Suger,762,2.19,35,0
11/17/2021,Oil,938,1.24,33,0
11/17/2021,Flour,1649,3.18,25,0
11/24/2021,Rice,1893,3.46,41,0
11/24/2021,Tea,1512,2.68,11,0
11/24/2021,Suger,1106,1.5,16,0
11/24/2021,Oil,907,3.96,41,0
11/24/2021,Flour,1633,3.02,18,0
12/1/2021,Rice,1737,1.82,14,0
12/1/2021,Tea,1705,1.34,23,0
12/1/2021,Suger,1104,2.64,28,0
12/1/2021,Oil,982,3.05,26,0
12/1/2021,Flour,1858,3.97,30,0
12/8/2021,Rice,1967,1.12,35,0
12/8/2021,Tea,1867,1.73,40,1
12/8/2021,Suger,1061,3.4,22,0
12/8/2021,Oil,1124,1.84,33,0
12/8/2021,Flour,1653,1.39,6,0
12/15/2021,Rice,1818,2.97,39,0
12/15/2021,Tea,1722,1.22,29,0
12/15/2021,Suger,920,3.55,16,0
12/15/2021,Oil,1138,1.06,35,0
12/15/2021,Flour,1871,3.67,13,0
12/22/2021,Rice,1840,2.02,30,0
12/22/2021,Tea,1652,1.19,34,0
12/22/2021,Suger,1103,3.35,40,0
12/22/2021,Oil,1023,2.02,36,0
12/22/2021,Flour,1812,3.01,37,0
12/29/2021,Rice,1800,3.09,11,0
12/29/2021,Tea,1508,2.78,6,0
12/29/2021,Suger,895,3.51,29,0
12/29/2021,Oil,1090,3.48,6,0
12/29/2021,Flour,1592,1.59,22,0
1/5/2022,Rice,2237,2.25,33,1
1/5/2022,Tea,1546,3.38,20,0
1/5/2022,Suger,1112,1.76,22,0
1/5/2022,Oil,1089,3.37,33,0
1/5/2022,Flour,1634,3.81,12,0
1/12/2022,Rice,1952,2.71,14,0
1/12/2022,Tea,1438,3.99,16,0
1/12/2022,Suger,851,2.99,20,0
1/12/2022,Oil,1201,2.9,5,0
1/12/2022,Flour,1632,1.85,11,0
1/19/2022,Rice,1821,2.12,39,0
1/19/2022,Tea,1664,1.19,25,0
1/19/2022,Suger,1143,1.13,18,0
1/19/2022,Oil,1091,3.43,42,0
1/19/2022,Flour,1606,2.51,17,0
1/26/2022,Rice,1993,2.69,28,0
1/26/2022,Tea,1479,1.34,41,0
1/26/2022,Suger,1064,3.51,20,0
1/26/2022,Oil,836,1.11,10,0
1/26/2022,Flour,1827,1.97,26,0
2/2/2022,Rice,2011,1.71,17,0
2/2/2022,Tea,1604,3.49,13,0
2/2/2022,Suger,916,3.44,11,0
2/2/2022,Oil,1052,1.26,21,0
2/2/2022,Flour,1816,2.02,39,1
2/9/2022,Rice,1942,2.49,21,0
2/9/2022,Tea,1617,2.55,36,0
2/9/2022,Suger,1090,3.68,38,0
2/9/2022,Oil,1056,3.37,7,0
2/9/2022,Flour,1805,2.9,17,0
2/16/2022,Rice,1825,1.3,26,0
2/16/2022,Tea,1535,1.41,16,0
2/16/2022,Suger,790,1.9,44,0
2/16/2022,Oil,893,1.44,26,0
2/16/2022,Flour,1584,1.86,29,0
2/23/2022,Rice,1990,3.54,16,0
2/23/2022,Tea,1409,1.51,30,0
2/23/2022,Suger,1039,1.97,37,1
2/23/2022,Oil,1024,2.7,15,0
2/23/2022,Flour,1830,3.77,27,0
3/2/2022,Rice,1777,3.03,11,0
3/2/2022,Tea,1416,3.11,42,0
3/2/2022,Suger,959,3.68,27,0
3/2/2022,Oil,973,2.94,35,0
3/2/2022,Flour,1610,2.65,25,0
3/9/2022,Rice,1794,1.25,23,0
3/9/2022,Tea,1464,1.7,11,0
3/9/2022,Suger,842,2.66,39,0
3/9/2022,Oil,1185,2.51,32,0
3/9/2022,Flour,1804,3.8,8,0
3/16/2022,Rice,1778,2.66,39,0
3/16/2022,Tea,1550,3.85,7,0
3/16/2022,Suger,966,3.97,26,0
3/16/2022,Oil,810,1.04,6,0
3/16/2022,Flour,1941,1.49,32,0
3/23/2022,Rice,1906,1.34,27,0
3/23/2022,Tea,1475,2.52,31,0
3/23/2022,Suger,1090,2.44,29,0
3/23/2022,Oil,988,2.03,43,0
3/23/2022,Flour,1601,1.11,27,0
3/30/2022,Rice,1888,1.17,43,0
3/30/2022,Tea,1761,1.76,42,1
3/30/2022,Suger,1091,3.96,36,0
3/30/2022,Oil,846,2.5,25,0
3/30/2022,Flour,1909,1.95,9,0
4/6/2022,Rice,1964,3.12,27,0
4/6/2022,Tea,1750,1.72,30,0
4/6/2022,Suger,846,3.62,15,0
4/6/2022,Oil,834,2.51,24,0
4/6/2022,Flour,1863,3.16,9,0
4/13/2022,Rice,1978,3.51,16,0
4/13/2022,Tea,1743,2.42,5,0
4/13/2022,Suger,805,3.44,24,0
4/13/2022,Oil,809,3.46,10,0
4/13/2022,Flour,1954,1.06,22,0
4/20/2022,Rice,2277,3.1,42,1
4/20/2022,Tea,1623,2.34,44,0
4/20/2022,Suger,1073,3.02,5,0
4/20/2022,Oil,1121,2.84,9,0
4/20/2022,Flour,2013,1.31,43,1
4/27/2022,Rice,2299,1.25,6,1
4/27/2022,Tea,1757,3.56,17,0
4/27/2022,Suger,878,1.4,12,0
4/27/2022,Oil,1086,1.22,39,0
4/27/2022,Flour,1930,1.76,35,0
5/4/2022,Rice,2052,1.71,5,0
5/4/2022,Tea,1872,1.32,12,1
5/4/2022,Suger,959,1.36,39,0
5/4/2022,Oil,1195,3.41,43,0
5/4/2022,Flour,1529,2.7,43,0
5/11/2022,Rice,1977,2.05,29,0
5/11/2022,Tea,1494,1.66,25,0
5/11/2022,Suger,1022,3.62,24,0
5/11/2022,Oil,1054,2.36,24,0
5/11/2022,Flour,1674,3.18,38,0
5/18/2022,Rice,1892,2.13,35,0
5/18/2022,Tea,1405,1.85,13,0
5/18/2022,Suger,1431,3.34,42,1
5/18/2022,Oil,824,2.64,37,0
5/18/2022,Flour,1877,1.55,34,0
5/25/2022,Rice,1851,1.99,31,0
5/25/2022,Tea,1571,3.64,28,0
5/25/2022,Suger,1112,2.48,26,0
5/25/2022,Oil,897,1,16,0
5/25/2022,Flour,2013,1.6,8,1
6/1/2022,Rice,1851,2.22,7,0
6/1/2022,Tea,1475,3.11,43,0
6/1/2022,Suger,947,1.68,26,0
6/1/2022,Oil,980,1.24,36,0
6/1/2022,Flour,1852,2.58,8,1
6/8/2022,Rice,2086,1.35,24,0
6/8/2022,Tea,1556,1.5,17,0
6/8/2022,Suger,1046,2.44,30,0
6/8/2022,Oil,986,1.05,13,0
6/8/2022,Flour,1959,3.08,7,0
6/15/2022,Rice,1915,2.75,43,0
6/15/2022,Tea,1497,3.72,23,0
6/15/2022,Suger,958,1.26,17,0
6/15/2022,Oil,823,3.71,17,0
6/15/2022,Flour,1590,1.71,18,0
6/22/2022,Rice,1859,1.67,29,0
6/22/2022,Tea,1478,1.89,16,0
6/22/2022,Suger,1014,2.42,43,0
6/22/2022,Oil,1284,1.82,40,1
6/22/2022,Flour,1682,3.04,39,0
6/29/2022,Rice,1805,1.97,36,0
6/29/2022,Tea,1401,3.16,43,0
6/29/2022,Suger,845,3.8,30,0
6/29/2022,Oil,1071,1.38,14,0
6/29/2022,Flour,2143,3.74,20,1
7/6/2022,Rice,1952,1.22,25,0
7/6/2022,Tea,1565,3.49,27,0
7/6/2022,Suger,977,1.76,23,0
7/6/2022,Oil,824,1.38,8,0
7/6/2022,Flour,1812,1.89,11,0
7/13/2022,Rice,1958,2.57,23,0
7/13/2022,Tea,1549,1.34,24,0
7/13/2022,Suger,799,3.43,32,0
7/13/2022,Oil,959,3.1,39,0
7/13/2022,Flour,1766,2.23,41,0
7/20/2022,Rice,1779,3.99,18,0
7/20/2022,Tea,1326,1.36,40,0
7/20/2022,Suger,1143,2.4,11,0
7/20/2022,Oil,1085,1.24,18,0
7/20/2022,Flour,1995,2.72,20,1
7/27/2022,Rice,1737,1.14,7,0
7/27/2022,Tea,2030,2.06,16,1
7/27/2022,Suger,798,2.01,30,0
7/27/2022,Oil,994,2.08,21,0
7/27/2022,Flour,1723,1.58,32,0
8/3/2022,Rice,1881,3.67,14,0
8/3/2022,Tea,1654,2.78,14,0
8/3/2022,Suger,1492,1.95,41,1
8/3/2022,Oil,989,2.75,18,0
8/3/2022,Flour,1841,1.03,8,0
8/10/2022,Rice,1861,2.94,12,0
8/10/2022,Tea,1765,3.74,18,0
8/10/2022,Suger,863,1.91,29,0
8/10/2022,Oil,1046,3.42,43,0
8/10/2022,Flour,1771,3.68,11,0
8/17/2022,Rice,2161,3.92,32,1
8/17/2022,Tea,1492,3.17,43,0
8/17/2022,Suger,1113,3.27,8,0
8/17/2022,Oil,997,2.21,37,0
8/17/2022,Flour,1581,2.96,19,0
8/24/2022,Rice,1945,3.44,13,0
8/24/2022,Tea,2041,2.6,33,1
8/24/2022,Suger,1026,2.65,15,0
8/24/2022,Oil,928,3.73,21,0
8/24/2022,Flour,1909,2.37,10,1
8/31/2022,Rice,2115,1.23,33,0
8/31/2022,Tea,1623,2.6,21,0
8/31/2022,Suger,801,2.04,32,0
8/31/2022,Oil,1138,2.67,41,0
8/31/2022,Flour,1977,2.48,32,0
9/7/2022,Rice,1735,2.74,22,0
9/7/2022,Tea,2057,2.2,5,1
9/7/2022,Suger,1081,2.52,33,0
9/7/2022,Oil,1208,1.32,14,0
9/7/2022,Flour,1945,1.95,19,0
9/14/2022,Rice,1844,1.14,34,0
9/14/2022,Tea,1682,3.45,35,0
9/14/2022,Suger,955,3.99,39,0
9/14/2022,Oil,1177,2.34,30,0
9/14/2022,Flour,1612,2.32,31,0
9/21/2022,Rice,1964,2.44,37,0
9/21/2022,Tea,1487,3.56,32,0
9/21/2022,Suger,857,3.62,34,0
9/21/2022,Oil,824,3.63,20,0
9/21/2022,Flour,1976,3.95,32,0
9/28/2022,Rice,2067,2.14,15,0
9/28/2022,Tea,1576,3.37,13,0
9/28/2022,Suger,794,2.16,29,0
9/28/2022,Oil,1106,1.9,44,1
9/28/2022,Flour,1884,2.73,25,0
10/5/2022,Rice,1830,1.19,31,0
10/5/2022,Tea,1432,2.35,38,0
10/5/2022,Suger,754,2.24,42,0
10/5/2022,Oil,942,1.55,40,0
10/5/2022,Flour,1770,3.41,23,0
10/12/2022,Rice,2036,1.04,39,0
10/12/2022,Tea,1701,2.75,27,0
10/12/2022,Suger,1077,1.59,26,0
10/12/2022,Oil,945,3.19,28,0
10/12/2022,Flour,1792,3.39,33,0
10/19/2022,Rice,1858,2.6,10,0
10/19/2022,Tea,1573,2.58,40,0
10/19/2022,Suger,1053,2.58,14,0
10/19/2022,Oil,911,1.71,32,0
10/19/2022,Flour,1615,3.64,32,0
10/26/2022,Rice,1778,2.76,42,0
10/26/2022,Tea,1444,1.43,32,0
10/26/2022,Suger,983,1.89,42,0
10/26/2022,Oil,1109,3.84,37,0
10/26/2022,Flour,1578,1.15,15,0
11/2/2022,Rice,1810,2.13,41,0
11/2/2022,Tea,1545,1.46,5,0
11/2/2022,Suger,1324,2.86,38,1
11/2/2022,Oil,929,2.39,38,0
11/2/2022,Flour,1670,2.34,36,0
11/9/2022,Rice,1898,1.75,18,0
11/9/2022,Tea,1514,2.91,14,0
11/9/2022,Suger,1326,2.09,5,1
11/9/2022,Oil,1063,1.55,18,0
11/9/2022,Flour,1882,3.14,42,0
11/16/2022,Rice,2013,3.63,17,0
11/16/2022,Tea,1713,3.03,15,0
11/16/2022,Suger,991,3.41,12,0
11/16/2022,Oil,914,3.72,35,0
11/16/2022,Flour,1732,3.56,21,0
11/23/2022,Rice,1879,1.34,38,0
11/23/2022,Tea,1592,1.65,12,0
11/23/2022,Suger,903,1.45,31,0
11/23/2022,Oil,1064,2.48,36,0
11/23/2022,Flour,1638,3.47,44,0
11/30/2022,Rice,2031,3.49,38,0
11/30/2022,Tea,1654,3.06,42,0
11/30/2022,Suger,934,1.45,33,0
11/30/2022,Oil,833,3.93,28,0
11/30/2022,Flour,1704,1.37,19,0
12/7/2022,Rice,1947,3.9,16,0
12/7/2022,Tea,1455,3.93,9,0
12/7/2022,Suger,1051,1.24,35,0
12/7/2022,Oil,1226,1.38,36,1
12/7/2022,Flour,1857,2.08,17,0
12/14/2022,Rice,1932,1.09,21,0
12/14/2022,Tea,1751,1.3,15,0
12/14/2022,Suger,777,2.51,30,0
12/14/2022,Oil,990,3.97,13,0
12/14/2022,Flour,1813,2.94,27,0
12/21/2022,Rice,1828,3.11,41,0
12/21/2022,Tea,1703,1.07,31,0
12/21/2022,Suger,1015,3.37,34,0
12/21/2022,Oil,1497,1.34,26,1
12/21/2022,Flour,1734,3.37,34,0
12/28/2022,Rice,2031,3.94,42,0
12/28/2022,Tea,1510,1.39,19,0
12/28/2022,Suger,1002,1.92,34,0
12/28/2022,Oil,908,3.36,15,0
12/28/2022,Flour,1944,1.19,6,0
1/4/2023,Rice,2033,2.66,38,0
1/4/2023,Tea,1420,1.94,41,0
1/4/2023,Suger,1093,1.97,11,0
1/4/2023,Oil,909,1.45,34,0
1/4/2023,Flour,1531,2.59,42,0
1/11/2023,Rice,1755,3.73,42,0
1/11/2023,Tea,1673,2.64,8,0
1/11/2023,Suger,791,2.18,27,0
1/11/2023,Oil,1172,2.62,41,0
1/11/2023,Flour,1776,1.12,11,0
1/18/2023,Rice,1909,1.44,21,0
1/18/2023,Tea,1497,1.45,17,0
1/18/2023,Suger,842,2.41,12,0
1/18/2023,Oil,1022,2.92,6,0
1/18/2023,Flour,1759,1.39,40,0
1/25/2023,Rice,1794,1.77,21,0
1/25/2023,Tea,1455,2.62,36,0
1/25/2023,Suger,1087,3.69,41,1
1/25/2023,Oil,1139,3.41,42,0
1/25/2023,Flour,1916,3.06,9,1
2/1/2023,Rice,1851,2.04,38,0
2/1/2023,Tea,1767,3.29,17,0
2/1/2023,Suger,1425,3.95,34,1
2/1/2023,Oil,947,1.33,32,0
2/1/2023,Flour,1735,1.25,30,0
2/8/2023,Rice,2102,1.39,15,1
2/8/2023,Tea,1497,1.91,27,0
2/8/2023,Suger,1018,1.4,33,0
2/8/2023,Oil,1206,1.29,41,0
2/8/2023,Flour,1958,2.55,7,0
2/15/2023,Rice,2085,2.92,15,0
2/15/2023,Tea,1688,1.81,25,0
2/15/2023,Suger,1021,2.14,6,0
2/15/2023,Oil,999,3.84,14,0
2/15/2023,Flour,1704,3.2,13,0
2/22/2023,Rice,1920,3.69,8,0
2/22/2023,Tea,1480,2.04,15,0
2/22/2023,Suger,933,2.38,7,0
2/22/2023,Oil,883,3.17,16,0
2/22/2023,Flour,1585,3.06,9,0
3/1/2023,Rice,1847,1.52,31,0
3/1/2023,Tea,1742,1.45,28,0
3/1/2023,Suger,758,1.59,37,0
3/1/2023,Oil,823,3.24,43,0
3/1/2023,Flour,1626,3.35,36,0
3/8/2023,Rice,1895,2.04,23,0
3/8/2023,Tea,1487,3.35,15,0
3/8/2023,Suger,845,1.79,8,0
3/8/2023,Oil,1180,2.48,23,0
3/8/2023,Flour,1582,2.98,39,0
3/15/2023,Rice,2069,1.36,26,1
3/15/2023,Tea,1638,2.71,22,0
3/15/2023,Suger,1363,1.65,33,1
3/15/2023,Oil,1068,2.12,36,0
3/15/2023,Flour,1579,1.82,34,0
3/22/2023,Rice,1943,1.39,30,0
3/22/2023,Tea,1672,2.19,23,0
3/22/2023,Suger,998,1.04,29,0
3/22/2023,Oil,1179,2.22,32,0
3/22/2023,Flour,1773,1.63,6,0
3/29/2023,Rice,2159,3.4,31,1
3/29/2023,Tea,1535,2.63,9,0
3/29/2023,Suger,971,1.49,20,0
3/29/2023,Oil,1503,1.43,39,1
3/29/2023,Flour,1735,1.31,27,0
4/5/2023,Rice,2062,2.13,34,0
4/5/2023,Tea,1561,3.17,31,0
4/5/2023,Suger,1211,2.44,32,1
4/5/2023,Oil,1022,2.54,21,0
4/5/2023,Flour,1731,1.29,22,0
4/12/2023,Rice,2080,1.25,30,0
4/12/2023,Tea,1676,3.24,16,1
4/12/2023,Suger,1077,2.57,9,0
4/12/2023,Oil,1045,1.51,18,0
4/12/2023,Flour,1579,3.27,27,0
4/19/2023,Rice,1739,3.77,19,0
4/19/2023,Tea,1458,1.1,24,0
4/19/2023,Suger,870,2.88,43,0
4/19/2023,Oil,1145,2.78,6,0
4/19/2023,Flour,1655,1.17,28,0
4/26/2023,Rice,2111,2.59,30,0
4/26/2023,Tea,1496,2.54,21,0
4/26/2023,Suger,782,1.61,7,0
4/26/2023,Oil,966,3.91,36,0
4/26/2023,Flour,1813,2.2,8,0
5/3/2023,Rice,1834,1.76,30,1
5/3/2023,Tea,1492,1.91,36,0
5/3/2023,Suger,1096,3.56,10,0
5/3/2023,Oil,1513,2.08,21,1
5/3/2023,Flour,1715,2.85,12,0
5/10/2023,Rice,1999,2.6,27,0
5/10/2023,Tea,1478,2.32,37,0
5/10/2023,Suger,869,1.81,23,0
5/10/2023,Oil,1088,3.09,31,0
5/10/2023,Flour,1725,1.75,25,0
5/17/2023,Rice,1844,1.73,42,0
5/17/2023,Tea,1470,3.94,21,0
5/17/2023,Suger,792,1.02,24,0
5/17/2023,Oil,1011,3.81,42,0
5/17/2023,Flour,1739,1.69,14,0
5/24/2023,Rice,1998,2.69,41,0
5/24/2023,Tea,1648,3.29,32,0
5/24/2023,Suger,756,2.7,12,0
5/24/2023,Oil,852,1.73,26,0
5/24/2023,Flour,1848,3.33,41,1
5/31/2023,Rice,1994,2.61,43,1
5/31/2023,Tea,1717,1.6,11,0
5/31/2023,Suger,762,1.15,18,0
5/31/2023,Oil,1188,1.22,16,0
5/31/2023,Flour,1659,1.3,29,0
6/7/2023,Rice,1792,3.04,17,0
6/7/2023,Tea,1757,2.32,12,0
6/7/2023,Suger,960,1.56,11,1
6/7/2023,Oil,1042,3.76,11,0
6/7/2023,Flour,1589,2.04,28,0
6/14/2023,Rice,1969,2.61,22,1
6/14/2023,Tea,1566,1.19,37,0
6/14/2023,Suger,1116,3.53,14,0
6/14/2023,Oil,1187,3.78,39,0
6/14/2023,Flour,1691,1.8,11,0
6/21/2023,Rice,1767,2.69,12,0
6/21/2023,Tea,1675,2.88,9,0
6/21/2023,Suger,935,3.95,29,0
6/21/2023,Oil,944,3.37,22,0
6/21/2023,Flour,1639,2.35,30,0
6/28/2023,Rice,1951,2.94,41,0
6/28/2023,Tea,1602,3.79,20,0
6/28/2023,Suger,1124,3.04,30,0
6/28/2023,Oil,1113,3.79,12,0
6/28/2023,Flour,1521,1.09,41,0
7/5/2023,Rice,1875,1.71,10,0
7/5/2023,Tea,1514,1.4,7,0
7/5/2023,Suger,772,3.05,27,0
7/5/2023,Oil,983,2.1,38,0
7/5/2023,Flour,1896,3.73,29,0
7/12/2023,Rice,1729,1.74,25,0
7/12/2023,Tea,1540,3.41,25,0
7/12/2023,Suger,1031,1.27,22,0
7/12/2023,Oil,935,3.4,30,0
7/12/2023,Flour,1713,2.08,17,0
7/19/2023,Rice,1820,1.86,34,0
7/19/2023,Tea,1607,3.87,39,0
7/19/2023,Suger,839,1.51,22,0
7/19/2023,Oil,861,2.1,44,0
7/19/2023,Flour,1872,1.98,8,0
7/26/2023,Rice,1968,1.24,28,0
7/26/2023,Tea,1715,3.98,23,0
7/26/2023,Suger,967,2.24,31,0
7/26/2023,Oil,920,3.34,42,0
7/26/2023,Flour,1752,2.3,27,0
8/2/2023,Rice,1948,3.95,35,0
8/2/2023,Tea,1549,3.21,34,1
8/2/2023,Suger,1175,3.97,37,1
8/2/2023,Oil,1131,3.73,29,0
8/2/2023,Flour,1840,1.04,25,0
8/9/2023,Rice,1729,3.91,10,0
8/9/2023,Tea,1811,1.02,5,1
8/9/2023,Suger,1016,1.34,20,0
8/9/2023,Oil,891,3.92,35,0
8/9/2023,Flour,1931,2.71,20,0
8/16/2023,Rice,1787,1.77,19,0
8/16/2023,Tea,1582,3.54,13,0
8/16/2023,Suger,1279,1.54,9,1
8/16/2023,Oil,997,2.17,15,0
8/16/2023,Flour,1702,3.2,15,0
8/23/2023,Rice,1898,2.71,6,0
8/23/2023,Tea,1719,3.17,44,0
8/23/2023,Suger,1066,2.43,14,0
8/23/2023,Oil,974,2.63,11,1
8/23/2023,Flour,1957,2.67,27,0
8/30/2023,Rice,2000,1.97,9,0
8/30/2023,Tea,1818,1.92,34,1
8/30/2023,Suger,1298,1.84,16,1
8/30/2023,Oil,1089,1.56,22,0
8/30/2023,Flour,1762,3.79,19,0
9/6/2023,Rice,1772,1.73,24,0
9/6/2023,Tea,1678,3.84,18,0
9/6/2023,Suger,985,1.72,23,0
9/6/2023,Oil,1053,2.39,18,1
9/6/2023,Flour,1691,3.33,27,0
9/13/2023,Rice,2018,1.87,5,0
9/13/2023,Tea,1533,1.9,23,0
9/13/2023,Suger,980,1.67,18,0
9/13/2023,Oil,955,2.17,44,0
9/13/2023,Flour,1738,2.34,40,0
9/20/2023,Rice,1984,1.96,15,0
9/20/2023,Tea,1461,3.12,38,0
9/20/2023,Suger,898,3.93,5,0
9/20/2023,Oil,1048,3.51,32,0
9/20/2023,Flour,1823,1.69,35,0
9/27/2023,Rice,1986,2.36,37,0
9/27/2023,Tea,1678,3,6,0
9/27/2023,Suger,1095,3.19,23,0
9/27/2023,Oil,1165,2.56,14,0
9/27/2023,Flour,1798,1.69,26,0
10/4/2023,Rice,1893,1.61,27,0
10/4/2023,Tea,1404,1.88,43,0
10/4/2023,Suger,1000,3.41,37,0
10/4/2023,Oil,1118,2.5,22,0
10/4/2023,Flour,1836,1.96,10,0
10/11/2023,Rice,2426,1.42,6,1
10/11/2023,Tea,2015,2.75,31,1
10/11/2023,Suger,915,1.42,41,0
10/11/2023,Oil,1350,1.91,10,1
10/11/2023,Flour,1898,2.32,14,0
10/18/2023,Rice,1819,2.41,13,0
10/18/2023,Tea,1441,2.81,34,0
10/18/2023,Suger,1057,2.86,20,0
10/18/2023,Oil,1033,1.2,6,0
10/18/2023,Flour,1649,2.17,30,0
10/25/2023,Rice,1961,3.49,35,0
10/25/2023,Tea,1725,1.37,23,0
10/25/2023,Suger,920,3.03,26,0
10/25/2023,Oil,1165,2.96,14,0
10/25/2023,Flour,1890,3.89,8,0
11/1/2023,Rice,1801,3.97,18,0
11/1/2023,Tea,1442,2.36,27,0
11/1/2023,Suger,832,3.85,12,0
11/1/2023,Oil,912,1.58,37,0
11/1/2023,Flour,1526,3.31,40,0
11/8/2023,Rice,2151,3.22,39,1
11/8/2023,Tea,1754,1.73,24,0
11/8/2023,Suger,812,3.97,30,0
11/8/2023,Oil,1097,1.19,23,0
11/8/2023,Flour,1643,1.99,21,0
11/15/2023,Rice,1938,1.49,41,0
11/15/2023,Tea,1648,2.69,28,0
11/15/2023,Suger,1110,3.01,10,0
11/15/2023,Oil,1072,1.31,44,0
11/15/2023,Flour,1813,3.48,43,0
11/22/2023,Rice,1787,3,41,0
11/22/2023,Tea,1400,3.16,17,0
11/22/2023,Suger,893,3.82,27,0
11/22/2023,Oil,1050,3.23,38,0
11/22/2023,Flour,1616,3.04,22,0
11/29/2023,Rice,2021,2.76,8,0
11/29/2023,Tea,1742,1.4,35,0
11/29/2023,Suger,850,2.97,27,0
11/29/2023,Oil,1050,3.98,11,0
11/29/2023,Flour,1700,1,8,0
12/6/2023,Rice,1904,2.13,12,0
12/6/2023,Tea,1629,2.21,15,0
12/6/2023,Suger,835,1.67,27,0
12/6/2023,Oil,960,3.02,29,0
12/6/2023,Flour,1931,1.1,30,0
12/13/2023,Rice,1878,2.32,42,0
12/13/2023,Tea,1990,1.83,33,1
12/13/2023,Suger,1087,2.42,44,0
12/13/2023,Oil,816,3.35,38,0
12/13/2023,Flour,1774,2.68,13,0
12/20/2023,Rice,2034,2.15,21,0
12/20/2023,Tea,1778,2.4,27,0
12/20/2023,Suger,856,3.08,31,0
12/20/2023,Oil,846,3.33,43,0
12/20/2023,Flour,2034,2.19,26,1
12/27/2023,Rice,1923,2.63,44,0
12/27/2023,Tea,1544,1.25,9,0
12/27/2023,Suger,1048,2.54,35,0
12/27/2023,Oil,1104,2.13,12,0
12/27/2023,Flour,1702,3.63,26,0
1/3/2024,Rice,1767,3.19,10,0
1/3/2024,Tea,1525,1.39,15,0
1/3/2024,Suger,993,1.95,17,0
1/3/2024,Oil,1081,3.43,38,0
1/3/2024,Flour,1955,3.85,14,0
1/10/2024,Rice,1956,2.49,19,0
1/10/2024,Tea,1726,2.72,31,0
1/10/2024,Suger,772,2.54,32,0
1/10/2024,Oil,1029,3.01,37,0
1/10/2024,Flour,1896,3.76,10,0
1/17/2024,Rice,1822,1.46,31,0
1/17/2024,Tea,1586,2.27,19,0
1/17/2024,Suger,1137,1.73,10,0
1/17/2024,Oil,1013,1.58,13,0
1/17/2024,Flour,1709,3.02,29,0
1/24/2024,Rice,1921,1.43,41,0
1/24/2024,Tea,1606,1.35,16,0
1/24/2024,Suger,1120,3.82,15,0
1/24/2024,Oil,1070,1.25,25,0
1/24/2024,Flour,1655,1.32,44,0
1/31/2024,Rice,2055,2.48,26,0
1/31/2024,Tea,1508,2.9,33,0
1/31/2024,Suger,1324,1.09,39,1
1/31/2024,Oil,1110,2.08,17,0
1/31/2024,Flour,1683,2.15,39,0
2/7/2024,Rice,2028,2.61,37,0
2/7/2024,Tea,1623,1.76,14,0
2/7/2024,Suger,873,1.59,39,0
2/7/2024,Oil,1003,3.85,12,0
2/7/2024,Flour,1874,2.26,23,0
2/14/2024,Rice,1740,2.81,40,0
2/14/2024,Tea,1399,1.84,17,0
2/14/2024,Suger,958,2.79,38,0
2/14/2024,Oil,985,1.16,15,0
2/14/2024,Flour,1760,2.09,21,0
2/21/2024,Rice,2049,2.46,33,0
2/21/2024,Tea,1589,3.83,21,0
2/21/2024,Suger,876,3.74,29,0
2/21/2024,Oil,847,2.61,29,0
2/21/2024,Flour,1898,2.31,35,0
2/28/2024,Rice,1840,1.04,16,0
2/28/2024,Tea,1681,2.9,25,0
2/28/2024,Suger,1107,1.54,23,0
2/28/2024,Oil,1348,1.38,30,1
2/28/2024,Flour,1888,1.6,8,0
3/6/2024,Rice,1794,1.76,40,0
3/6/2024,Tea,1416,3.87,21,0
3/6/2024,Suger,881,2.67,22,0
3/6/2024,Oil,1099,2.99,8,0
3/6/2024,Flour,1918,1.59,10,0
3/13/2024,Rice,1763,3.73,24,0
3/13/2024,Tea,1495,1.63,39,0
3/13/2024,Suger,795,2.85,25,0
3/13/2024,Oil,1151,2.91,17,0
3/13/2024,Flour,2160,1.02,28,1
3/20/2024,Rice,2027,2.39,10,0
3/20/2024,Tea,1419,3.47,17,0
3/20/2024,Suger,991,3.32,43,0
3/20/2024,Oil,1139,3.6,8,0
3/20/2024,Flour,1845,2.02,23,0
3/27/2024,Rice,1935,1.42,16,0
3/27/2024,Tea,1698,2.97,6,0
3/27/2024,Suger,1076,2.2,22,0
3/27/2024,Oil,911,4,37,0
3/27/2024,Flour,1640,1.61,37,0
4/3/2024,Rice,1896,3.18,29,0
4/3/2024,Tea,1561,3.03,26,0
4/3/2024,Suger,964,2.95,35,1
4/3/2024,Oil,1200,1.45,16,1
4/3/2024,Flour,1870,2.18,35,0
4/10/2024,Rice,1858,3.76,16,0
4/10/2024,Tea,1613,3.79,38,0
4/10/2024,Suger,890,1.8,13,0
4/10/2024,Oil,1141,2.37,30,0
4/10/2024,Flour,1777,2.13,22,0
4/17/2024,Rice,1817,1.46,41,0
4/17/2024,Tea,1537,2.93,7,0
4/17/2024,Suger,1008,3.12,39,0
4/17/2024,Oil,938,3.72,40,0
4/17/2024,Flour,1657,3.07,28,0
4/24/2024,Rice,1754,2.27,35,0
4/24/2024,Tea,1744,1.6,32,0
4/24/2024,Suger,840,3.66,24,0
4/24/2024,Oil,951,1.77,17,0
4/24/2024,Flour,1866,1.01,15,0
5/1/2024,Rice,1982,3.78,18,0
5/1/2024,Tea,1701,2.1,25,0
5/1/2024,Suger,1130,3.21,17,1
5/1/2024,Oil,978,1.18,35,0
5/1/2024,Flour,1923,2.22,22,0
5/8/2024,Rice,1907,3.52,41,0
5/8/2024,Tea,1462,1.3,14,0
5/8/2024,Suger,1003,1.96,12,0
5/8/2024,Oil,1032,1.58,16,0
5/8/2024,Flour,1611,1.18,21,0
5/15/2024,Rice,1780,3.61,27,0
5/15/2024,Tea,1725,2.01,17,0
5/15/2024,Suger,1045,1,13,0
5/15/2024,Oil,893,1.12,18,0
5/15/2024,Flour,1760,1.52,43,0
5/22/2024,Rice,2034,2.14,44,0
5/22/2024,Tea,1709,1.09,40,0
5/22/2024,Suger,784,2.25,17,0
5/22/2024,Oil,1118,1.16,35,0
5/22/2024,Flour,1748,3.19,41,0
5/29/2024,Rice,1879,3.36,13,0
5/29/2024,Tea,1559,1.03,16,0
5/29/2024,Suger,946,1.12,14,0
5/29/2024,Oil,1179,3.07,9,0
5/29/2024,Flour,1845,1.94,30,0
6/5/2024,Rice,1800,2.61,39,0
6/5/2024,Tea,1618,2.56,29,0
6/5/2024,Suger,850,3.8,6,0
6/5/2024,Oil,875,3.2,39,0
6/5/2024,Flour,1611,3.61,25,0
6/12/2024,Rice,2072,2.04,42,0
6/12/2024,Tea,1563,3.32,5,0
6/12/2024,Suger,904,1.25,44,0
6/12/2024,Oil,1190,2.69,43,0
6/12/2024,Flour,1804,2.03,11,0
6/19/2024,Rice,1976,1.1,21,0
6/19/2024,Tea,1671,3.93,21,0
6/19/2024,Suger,970,3.66,18,0
6/19/2024,Oil,1145,3.25,12,0
6/19/2024,Flour,1663,1.38,29,0
6/26/2024,Rice,2069,1.5,28,0
6/26/2024,Tea,1779,1.55,34,0
6/26/2024,Suger,930,1.99,29,0
6/26/2024,Oil,1048,2.49,16,0
6/26/2024,Flour,1868,1.94,10,1
7/3/2024,Rice,1875,2.74,37,0
7/3/2024,Tea,1336,2.03,36,0
7/3/2024,Suger,869,3.9,21,0
7/3/2024,Oil,1177,3.57,12,0
7/3/2024,Flour,1886,2.33,33,0
7/10/2024,Rice,2245,2.99,30,1
7/10/2024,Tea,1404,2.12,11,0
7/10/2024,Suger,942,3.18,43,0
7/10/2024,Oil,1016,3.88,33,0
7/10/2024,Flour,1804,1.15,9,0
7/17/2024,Rice,1914,1.26,24,0
7/17/2024,Tea,1523,2.94,20,0
7/17/2024,Suger,939,2.94,39,0
7/17/2024,Oil,846,1.07,23,0
7/17/2024,Flour,1899,2.98,21,0
7/24/2024,Rice,1866,2.79,44,0
7/24/2024,Tea,1662,1.07,40,0
7/24/2024,Suger,1129,2.22,9,0
7/24/2024,Oil,1108,1.14,33,0
7/24/2024,Flour,1964,3.05,17,0
7/31/2024,Rice,1936,1.63,34,0
7/31/2024,Tea,1298,1.87,37,0
7/31/2024,Suger,762,3.48,20,0
7/31/2024,Oil,984,1.38,16,0
7/31/2024,Flour,1767,1.12,41,0
8/7/2024,Rice,2011,2.87,36,0
8/7/2024,Tea,1545,3.13,8,0
8/7/2024,Suger,1017,3.3,29,0
8/7/2024,Oil,1032,3.21,16,0
8/7/2024,Flour,1851,3.94,27,0
8/14/2024,Rice,1803,1.2,20,0
8/14/2024,Tea,1376,2.42,38,0
8/14/2024,Suger,1052,2.13,23,0
8/14/2024,Oil,971,2.4,10,0
8/14/2024,Flour,1761,3.58,40,0
8/21/2024,Rice,1947,2.44,6,0
8/21/2024,Tea,1507,3.97,30,0
8/21/2024,Suger,926,1.8,29,0
8/21/2024,Oil,1126,2.31,38,0
8/21/2024,Flour,1633,3.38,11,0
8/28/2024,Rice,1989,1.31,42,0
8/28/2024,Tea,1719,2.95,9,0
8/28/2024,Suger,971,2.8,12,1
8/28/2024,Oil,904,3.3,9,0
8/28/2024,Flour,1685,3.7,35,0
9/4/2024,Rice,2252,3.26,33,1
9/4/2024,Tea,1405,3.33,19,0
9/4/2024,Suger,902,3.58,21,0
9/4/2024,Oil,1202,3.2,30,0
9/4/2024,Flour,2266,2.97,23,1
9/11/2024,Rice,2010,1.47,37,1
9/11/2024,Tea,1414,1.42,30,0
9/11/2024,Suger,962,1.44,14,0
9/11/2024,Oil,1319,2.85,16,1
9/11/2024,Flour,1908,3.45,11,1
9/18/2024,Rice,1980,1.76,5,0
9/18/2024,Tea,1655,2.73,29,0
9/18/2024,Suger,1084,1.99,10,0
9/18/2024,Oil,854,3.62,13,0
9/18/2024,Flour,1907,2.95,14,0
9/25/2024,Rice,1792,3.4,12,0
9/25/2024,Tea,1739,2.91,17,0
9/25/2024,Suger,1129,1.73,28,0
9/25/2024,Oil,1125,3.17,26,1
9/25/2024,Flour,2178,1.42,23,1
10/2/2024,Rice,2016,3.16,37,0
10/2/2024,Tea,1563,3.43,32,0
10/2/2024,Suger,1113,1.53,38,1
10/2/2024,Oil,912,3.91,41,0
10/2/2024,Flour,1691,1.99,11,0
10/9/2024,Rice,2027,2.81,36,0
10/9/2024,Tea,1355,2.41,42,0
10/9/2024,Suger,1427,3.05,30,1
10/9/2024,Oil,1183,2.66,37,1
10/9/2024,Flour,1875,3.71,15,0
10/16/2024,Rice,2123,3,20,0
10/16/2024,Tea,1696,1.02,30,0
10/16/2024,Suger,961,1.87,12,0
10/16/2024,Oil,976,1.1,11,1
10/16/2024,Flour,1597,2.34,17,0
10/23/2024,Rice,2055,1.26,35,0
10/23/2024,Tea,1728,2.25,15,1
10/23/2024,Suger,938,3.12,11,0
10/23/2024,Oil,1232,3.16,11,1
10/23/2024,Flour,2120,1.57,40,1
10/30/2024,Rice,1837,3.54,11,0
10/30/2024,Tea,1691,3.04,36,0
10/30/2024,Suger,1126,1.76,12,0
10/30/2024,Oil,1148,1.8,34,0
10/30/2024,Flour,1665,3.09,39,0
11/6/2024,Rice,1727,2.26,23,0
11/6/2024,Tea,1690,2.64,26,0
11/6/2024,Suger,1030,1.16,7,0
11/6/2024,Oil,1126,2.07,22,0
11/6/2024,Flour,1823,2.54,43,0
11/13/2024,Rice,1959,2.03,5,0
11/13/2024,Tea,1394,2.68,17,0
11/13/2024,Suger,919,3.55,5,0
11/13/2024,Oil,1075,1.66,40,0
11/13/2024,Flour,2213,1.6,9,1
11/20/2024,Rice,1745,1.1,6,0
11/20/2024,Tea,1496,3.69,33,0
11/20/2024,Suger,1120,3.51,27,0
11/20/2024,Oil,983,2.64,42,0
11/20/2024,Flour,1920,3.38,23,0
11/27/2024,Rice,2118,3.32,9,0
11/27/2024,Tea,1378,3.98,37,0
11/27/2024,Suger,934,3.16,37,0
11/27/2024,Oil,1168,2.87,38,0
11/27/2024,Flour,1900,3.58,22,0
12/4/2024,Rice,2067,1.66,38,0
12/4/2024,Tea,1660,3.88,35,0
12/4/2024,Suger,971,3.49,21,0
12/4/2024,Oil,890,2.78,16,0
12/4/2024,Flour,1635,1.24,27,0
12/11/2024,Rice,1784,2.7,28,0
12/11/2024,Tea,1708,3.98,8,0
12/11/2024,Suger,863,1.32,7,0
12/11/2024,Oil,1048,1.34,23,0
12/11/2024,Flour,1857,1.55,31,0
12/18/2024,Rice,1840,2.28,27,0
12/18/2024,Tea,1745,1.66,30,0
12/18/2024,Suger,842,3.09,18,0
12/18/2024,Oil,985,3.51,22,0
12/18/2024,Flour,1950,3.14,12,0
12/25/2024,Rice,1962,2.62,21,0
12/25/2024,Tea,1746,1.53,29,0
12/25/2024,Suger,1085,1.42,21,0
12/25/2024,Oil,1347,3.12,16,1
12/25/2024,Flour,1933,3.11,23,0
1/1/2025,Rice,1960,1.42,29,0
1/1/2025,Tea,1759,1.57,22,0
1/1/2025,Suger,774,1.21,18,0
1/1/2025,Oil,1119,3.67,40,0
1/1/2025,Flour,1583,3.23,44,0
1/8/2025,Rice,1823,3.7,8,0
1/8/2025,Tea,1495,3.83,33,0
1/8/2025,Suger,826,1.7,19,0
1/8/2025,Oil,901,2.57,29,0
1/8/2025,Flour,1947,2.46,8,0
1/15/2025,Rice,1853,3.47,27,0
1/15/2025,Tea,1529,3.27,20,0
1/15/2025,Suger,1101,3.59,7,0
1/15/2025,Oil,1088,3.95,34,0
1/15/2025,Flour,1750,3.46,25,0
1/22/2025,Rice,1759,2.49,25,0
1/22/2025,Tea,1482,1.93,12,0
1/22/2025,Suger,1003,2.75,28,0
1/22/2025,Oil,1355,2.98,15,1
1/22/2025,Flour,1754,1.04,31,1
1/29/2025,Rice,1801,2.49,21,0
1/29/2025,Tea,1472,3.34,5,0
1/29/2025,Suger,781,1.66,34,0
1/29/2025,Oil,1152,3.05,17,0
1/29/2025,Flour,2056,2.4,10,1
2/5/2025,Rice,1752,1.42,27,0
2/5/2025,Tea,1432,3.57,28,0
2/5/2025,Suger,845,2.03,19,0
2/5/2025,Oil,1139,1.09,20,0
2/5/2025,Flour,1705,3.29,13,0
2/12/2025,Rice,1993,2.79,35,0
2/12/2025,Tea,1544,3.35,13,0
2/12/2025,Suger,939,3.64,22,0
2/12/2025,Oil,839,2.89,35,0
2/12/2025,Flour,1734,3.68,10,0
2/19/2025,Rice,1915,3.51,11,0
2/19/2025,Tea,1710,1.97,25,0
2/19/2025,Suger,1057,3.95,29,0
2/19/2025,Oil,842,2.61,6,0
2/19/2025,Flour,1601,4,10,0
2/26/2025,Rice,2032,3.21,6,0
2/26/2025,Tea,1543,1.76,12,0
2/26/2025,Suger,996,2.99,6,1
2/26/2025,Oil,824,2.42,43,0
2/26/2025,Flour,1790,1.03,29,0
3/5/2025,Rice,1992,1.2,40,0
3/5/2025,Tea,1398,2.99,33,0
3/5/2025,Suger,769,2.23,33,0
3/5/2025,Oil,1050,4,43,1
3/5/2025,Flour,1925,2.34,8,0
3/12/2025,Rice,1912,3.75,44,0
3/12/2025,Tea,1460,2.19,40,0
3/12/2025,Suger,875,3.56,39,0
3/12/2025,Oil,1105,3.52,11,0
3/12/2025,Flour,1642,1.34,21,0
3/19/2025,Rice,1780,3.85,43,0
3/19/2025,Tea,1845,3.28,5,1
3/19/2025,Suger,879,1.14,21,0
3/19/2025,Oil,879,1.03,15,0
3/19/2025,Flour,1784,2.19,33,0
3/26/2025,Rice,2014,3.2,28,0
3/26/2025,Tea,1479,3.85,34,0
3/26/2025,Suger,828,3.24,25,0
3/26/2025,Oil,1171,2.5,43,0
3/26/2025,Flour,1619,2.16,22,0
4/2/2025,Rice,1969,1.49,40,0
4/2/2025,Tea,1504,3.36,30,0
4/2/2025,Suger,763,1.78,43,0
4/2/2025,Oil,1134,2.87,43,0
4/2/2025,Flour,1649,2.73,15,0
4/9/2025,Rice,1926,2.79,21,0
4/9/2025,Tea,1712,2.08,33,0
4/9/2025,Suger,932,2.26,41,0
4/9/2025,Oil,961,2.56,41,0
4/9/2025,Flour,1920,2.76,22,0
4/16/2025,Rice,2021,2.03,30,0
4/16/2025,Tea,1753,1.57,5,0
4/16/2025,Suger,1380,3.75,6,1
4/16/2025,Oil,826,2.51,37,0
4/16/2025,Flour,1599,2.69,16,0
4/23/2025,Rice,1829,3.11,21,0
4/23/2025,Tea,1591,2.52,24,0
4/23/2025,Suger,998,3.26,26,0
4/23/2025,Oil,1141,2,14,0
4/23/2025,Flour,1756,2.79,32,0
4/30/2025,Rice,1954,3.46,29,0
4/30/2025,Tea,2078,1.53,9,1
4/30/2025,Suger,844,3.79,37,0
4/30/2025,Oil,1014,1.03,41,0
4/30/2025,Flour,1660,3.91,11,0
5/7/2025,Rice,1969,1.31,34,1
5/7/2025,Tea,1700,3.16,33,0
5/7/2025,Suger,829,2.54,5,0
5/7/2025,Oil,901,1.16,35,0
5/7/2025,Flour,1652,1.19,40,0
5/14/2025,Rice,2028,2.34,21,0
5/14/2025,Tea,1497,3.28,25,0
5/14/2025,Suger,1031,2.86,31,0
5/14/2025,Oil,894,1.72,40,0
5/14/2025,Flour,1747,3.87,33,0
5/21/2025,Rice,1989,3.62,16,0
5/21/2025,Tea,1428,3.84,11,0
5/21/2025,Suger,1037,1.32,40,0
5/21/2025,Oil,1068,3.03,29,0
5/21/2025,Flour,1711,3.5,30,0
5/28/2025,Rice,2099,2.98,35,0
5/28/2025,Tea,1750,3.34,9,0
5/28/2025,Suger,860,1.82,27,0
5/28/2025,Oil,926,1.35,40,0
5/28/2025,Flour,1615,1.2,11,0
6/4/2025,Rice,1814,1.75,20,0
6/4/2025,Tea,1609,1.61,24,0
6/4/2025,Suger,1188,2.36,17,1
6/4/2025,Oil,975,3.24,41,0
6/4/2025,Flour,1612,3.99,5,0
6/11/2025,Rice,2090,3.96,16,0
6/11/2025,Tea,1491,1.99,12,0
6/11/2025,Suger,893,3.63,43,0
6/11/2025,Oil,1145,1.51,24,0
6/11/2025,Flour,1829,3.87,27,0
6/18/2025,Rice,2305,3.12,30,1
6/18/2025,Tea,1766,2.09,32,0
6/18/2025,Suger,1101,1.1,27,0
6/18/2025,Oil,928,3.48,25,0
6/18/2025,Flour,1708,3.28,12,0
6/25/2025,Rice,2060,1.94,25,0
6/25/2025,Tea,1755,2.38,19,0
6/25/2025,Suger,853,2.45,8,0
6/25/2025,Oil,1195,3.78,24,0
6/25/2025,Flour,1598,1.76,36,0
7/2/2025,Rice,2040,3.77,11,0
7/2/2025,Tea,1552,1.14,28,0
7/2/2025,Suger,940,1.75,11,0
7/2/2025,Oil,894,3.74,29,0
7/2/2025,Flour,1628,1.93,10,0
7/9/2025,Rice,2097,3.24,27,0
7/9/2025,Tea,1276,2.06,38,0
7/9/2025,Suger,1110,3.57,8,0
7/9/2025,Oil,899,2.23,14,0
7/9/2025,Flour,2136,3.61,9,1
7/16/2025,Rice,1828,2.57,43,0
7/16/2025,Tea,1564,2.62,38,0
7/16/2025,Suger,998,2.04,33,0
7/16/2025,Oil,1436,1.57,17,1
7/16/2025,Flour,1736,1.8,15,1
7/23/2025,Rice,1833,2.09,21,0
7/23/2025,Tea,1557,2.64,9,0
7/23/2025,Suger,945,1.37,16,0
7/23/2025,Oil,902,3.56,7,0
7/23/2025,Flour,1832,2,18,0
7/30/2025,Rice,1908,2.59,38,0
7/30/2025,Tea,1981,3.92,10,1
7/30/2025,Suger,812,1,24,0
7/30/2025,Oil,964,1.35,39,0
7/30/2025,Flour,1860,1.22,31,0
8/6/2025,Rice,2038,1.95,27,1
8/6/2025,Tea,1915,2.31,42,1
8/6/2025,Suger,1066,1.55,28,0
8/6/2025,Oil,1149,2.34,33,0
8/6/2025,Flour,1802,1.54,32,0
8/13/2025,Rice,2107,2.85,37,0
8/13/2025,Tea,1627,1.67,8,0
8/13/2025,Suger,959,2.32,39,0
8/13/2025,Oil,929,3.42,27,0
8/13/2025,Flour,1657,1.35,18,0
8/20/2025,Rice,2322,3.61,6,1
8/20/2025,Tea,1418,2.83,9,0
8/20/2025,Suger,778,2.61,33,0
8/20/2025,Oil,1164,1.39,38,0
8/20/2025,Flour,1960,1.35,22,0
8/27/2025,Rice,1952,3.82,17,0
8/27/2025,Tea,1488,3.45,41,0
8/27/2025,Suger,1413,1.89,34,1
8/27/2025,Oil,963,1.59,28,0
8/27/2025,Flour,1762,1.42,17,0
9/3/2025,Rice,2387,1.16,43,1
9/3/2025,Tea,1498,3.26,40,0
9/3/2025,Suger,1025,3.53,18,0
9/3/2025,Oil,1017,1.31,41,1
9/3/2025,Flour,1698,1.61,39,0
9/10/2025,Rice,1991,3.95,20,0
9/10/2025,Tea,1675,2.14,25,0
9/10/2025,Suger,1038,1.37,7,0
9/10/2025,Oil,859,2.51,29,0
9/10/2025,Flour,1847,2.6,35,0
9/17/2025,Rice,2114,2.26,34,0
9/17/2025,Tea,1750,1.81,14,1
9/17/2025,Suger,1068,2.63,5,0
9/17/2025,Oil,1054,2.22,28,0
9/17/2025,Flour,1752,1.93,34,0
9/24/2025,Rice,1867,1.33,5,0
9/24/2025,Tea,1661,1.13,21,0
9/24/2025,Suger,1126,3.58,5,0
9/24/2025,Oil,844,3.46,39,0
9/24/2025,Flour,1877,1.29,20,0
10/1/2025,Rice,2018,3.15,34,0
10/1/2025,Tea,1511,2.9,8,0
10/1/2025,Suger,847,1.35,44,0
10/1/2025,Oil,1085,2.04,16,1
10/1/2025,Flour,2100,1.16,22,1
10/8/2025,Rice,1798,3.73,29,0
10/8/2025,Tea,1579,3.34,25,0
10/8/2025,Suger,934,1.04,14,0
10/8/2025,Oil,954,3,40,0
10/8/2025,Flour,1880,2.57,33,0
